id,loss
105472,0.0
105473,0.0
105474,0.0
105475,2.61989342044
105476,0.0
105477,7.27294534679
105478,0.0
105479,0.0
105480,0.0
105481,0.0
105482,0.0
105483,0.0
105484,5.99492317248
105485,0.0
105486,2.61989340136
105487,0.0
105488,0.0
105489,0.0
105490,0.0
105491,0.0
105492,0.0
105493,0.0
105494,0.0
105495,0.0
105496,2.05508996874
105497,7.76466491005
105498,0.0
105499,0.0
105500,0.0
105501,0.0
105502,0.0
105503,0.0
105504,0.0
105505,0.0
105506,0.0
105507,0.0
105508,13.6681576279
105509,0.0
105510,0.0
105511,4.04575197102
105512,2.61989340136
105513,0.0
105514,0.0
105515,2.15749948561
105516,0.0
105517,0.0
105518,0.0
105519,0.0
105520,6.09126720503
105521,0.0
105522,0.0
105523,0.0
105524,4.43892062986
105525,0.0
105526,0.0
105527,0.0
105528,0.0
105529,0.0
105530,0.0
105531,0.0
105532,0.0
105533,0.0
105534,0.0
105535,0.0
105536,0.0
105537,0.0
105538,0.0
105539,0.0
105540,0.0
105541,0.0
105542,0.0
105543,0.0
105544,0.0
105545,2.61989340136
105546,2.61989340136
105547,0.0
105548,0.0
105549,0.0
105550,0.0
105551,0.0
105552,0.0
105553,0.0
105554,2.61989340136
105555,0.0
105556,0.0
105557,0.0
105558,0.0
105559,0.0
105560,1.81020412382
105561,8.30672470599
105562,0.0
105563,0.0
105564,0.0
105565,8.76460124447
105566,0.0
105567,0.0
105568,0.0
105569,0.0
105570,0.0
105571,0.0
105572,0.0
105573,0.0
105574,0.0
105575,0.0
105576,0.0
105577,0.0
105578,0.0
105579,0.0
105580,0.0
105581,0.0
105582,0.0
105583,0.0
105584,0.0
105585,0.0
105586,0.0
105587,0.0
105588,0.0
105589,0.0
105590,0.0
105591,2.61989340136
105592,0.0
105593,0.0
105594,0.0
105595,0.0
105596,0.0
105597,12.4887810505
105598,0.0
105599,0.0
105600,0.0
105601,0.0
105602,0.0
105603,0.0
105604,0.0
105605,0.0
105606,9.95436620328
105607,0.0
105608,0.0
105609,0.0
105610,0.0
105611,0.0
105612,0.0
105613,0.0
105614,0.0
105615,8.99389334987
105616,0.0
105617,0.0
105618,0.0
105619,0.0
105620,0.0
105621,0.0
105622,0.0
105623,0.0
105624,0.0
105625,0.0
105626,0.0
105627,0.0
105628,0.0
105629,0.0
105630,0.0
105631,0.0
105632,0.0
105633,0.0
105634,0.0
105635,0.0
105636,2.61989340136
105637,0.0
105638,0.0
105639,0.0
105640,0.0
105641,0.0
105642,0.0
105643,0.0
105644,0.0
105645,0.0
105646,0.0
105647,0.0
105648,0.0
105649,0.0
105650,0.0
105651,0.0
105652,0.0
105653,0.0
105654,0.0
105655,0.0
105656,6.74918406544
105657,0.0
105658,0.0
105659,0.0
105660,2.61989340136
105661,0.0
105662,0.0
105663,0.0
105664,0.0
105665,0.0
105666,0.0
105667,0.0
105668,0.0
105669,0.0
105670,0.0
105671,0.0
105672,0.0
105673,0.0
105674,0.0
105675,0.0
105676,0.0
105677,0.0
105678,0.0
105679,0.0
105680,0.0
105681,0.0
105682,0.0
105683,0.0
105684,0.0
105685,0.0
105686,0.0
105687,0.0
105688,0.0
105689,0.0
105690,1.81418678256
105691,0.0
105692,0.0
105693,0.0
105694,0.0
105695,0.0
105696,0.0
105697,0.0
105698,0.0
105699,0.0
105700,0.0
105701,0.0
105702,2.61989340136
105703,0.0
105704,0.0
105705,0.0
105706,0.0
105707,0.0
105708,0.0
105709,0.0
105710,0.0
105711,0.0
105712,0.0
105713,0.0
105714,0.0
105715,0.0
105716,0.0
105717,0.0
105718,0.0
105719,0.0
105720,0.0
105721,0.0
105722,0.0
105723,0.0
105724,0.0
105725,0.0
105726,0.0
105727,0.0
105728,0.0
105729,0.0
105730,0.0
105731,17.2430733915
105732,0.0
105733,0.0
105734,0.0
105735,0.0
105736,0.0
105737,0.0
105738,4.60338412692
105739,0.0
105740,2.61989340136
105741,0.0
105742,0.0
105743,0.0
105744,0.0
105745,0.0
105746,0.0
105747,0.0
105748,0.0
105749,0.0
105750,0.0
105751,0.0
105752,2.61989340136
105753,0.0
105754,0.0
105755,8.89771862849
105756,0.0
105757,0.0
105758,0.0
105759,0.0
105760,4.03454405175
105761,0.0
105762,0.0
105763,0.0
105764,0.0
105765,0.0
105766,0.0
105767,0.0
105768,0.0
105769,0.0
105770,0.0
105771,9.38743335787
105772,0.0
105773,0.0
105774,0.0
105775,0.0
105776,0.0
105777,2.61989340136
105778,0.0
105779,0.0
105780,0.0
105781,0.0
105782,4.38719337485
105783,0.0
105784,0.0
105785,0.0
105786,0.0
105787,0.0
105788,10.0806257642
105789,4.26861952716
105790,0.0
105791,0.0
105792,0.0
105793,0.0
105794,0.0
105795,0.0
105796,0.0
105797,0.0
105798,0.0
105799,0.0
105800,0.0
105801,0.0
105802,0.0
105803,0.0
105804,0.0
105805,0.0
105806,0.0
105807,0.0
105808,0.0
105809,0.0
105810,0.0
105811,0.0
105812,0.0
105813,0.0
105814,0.0
105815,1.52486658572
105816,0.0
105817,0.0
105818,0.0
105819,0.0
105820,0.0
105821,6.92810773013
105822,0.0
105823,0.0
105824,0.0
105825,0.0
105826,2.61989340136
105827,0.0
105828,0.0
105829,0.0
105830,2.61989340136
105831,9.56593601602
105832,9.02398261153
105833,0.0
105834,7.64302133757
105835,0.0
105836,0.0
105837,8.50019140833
105838,0.0
105839,0.0
105840,0.0
105841,0.0
105842,8.68184521539
105843,6.33405397471
105844,0.0
105845,0.0
105846,0.0
105847,0.0
105848,0.0
105849,0.0
105850,0.0
105851,0.0
105852,0.0
105853,0.0
105854,0.0
105855,0.0
105856,0.0
105857,0.0
105858,2.61989340136
105859,0.0
105860,2.61989340136
105861,0.0
105862,0.0
105863,0.0
105864,0.0
105865,0.0
105866,8.51900259735
105867,0.0
105868,0.0
105869,0.0
105870,0.0
105871,0.0
105872,0.0
105873,0.0
105874,2.61989340136
105875,0.0
105876,0.0
105877,0.0
105878,0.0
105879,0.0
105880,0.0
105881,0.0
105882,0.0
105883,0.0
105884,0.0
105885,0.0
105886,0.0
105887,2.61989340136
105888,2.25868508934
105889,2.61989340136
105890,0.0
105891,0.0
105892,0.0
105893,0.0
105894,0.0
105895,0.0
105896,0.0
105897,0.0
105898,0.0
105899,0.0
105900,0.0
105901,0.0
105902,7.42637102289
105903,0.0
105904,0.0
105905,0.0
105906,12.5741996409
105907,0.0
105908,0.0
105909,0.0
105910,2.61989340136
105911,0.0
105912,0.0
105913,0.765313050712
105914,0.0
105915,0.0
105916,0.0
105917,0.0
105918,0.0
105919,0.0
105920,0.0
105921,0.0
105922,5.69633662384
105923,0.0
105924,0.0
105925,0.0
105926,0.0
105927,0.0
105928,9.16300426373
105929,0.0
105930,0.0
105931,0.0
105932,0.0
105933,0.0
105934,0.0
105935,0.0
105936,0.0
105937,0.0
105938,7.94360842441
105939,0.0
105940,0.0
105941,0.0
105942,0.0
105943,0.0
105944,0.0
105945,0.0
105946,0.0
105947,0.0
105948,0.0
105949,22.6092312925
105950,0.0
105951,0.0
105952,0.0
105953,0.0
105954,0.0
105955,8.23050562646
105956,0.0
105957,0.0
105958,1.20442948614
105959,3.99840077706
105960,0.0
105961,0.0
105962,0.0
105963,0.0
105964,0.0
105965,0.0
105966,0.0
105967,0.0
105968,0.0
105969,0.0
105970,1.12697238848
105971,0.0
105972,0.0
105973,0.0
105974,0.0
105975,12.8346051842
105976,0.0
105977,0.0
105978,0.0
105979,0.0
105980,1.41532586726
105981,0.0
105982,0.0
105983,0.0
105984,0.0
105985,0.0
105986,0.0
105987,0.0
105988,0.0
105989,0.0
105990,0.0
105991,0.0
105992,0.0
105993,0.0
105994,1.34983473936
105995,0.0
105996,0.0
105997,0.0
105998,0.0
105999,2.61989340136
106000,0.0
106001,0.0
106002,0.0
106003,13.2945289112
106004,0.0
106005,0.0
106006,0.0
106007,0.0
106008,0.0
106009,0.0
106010,0.0
106011,0.0
106012,0.0
106013,0.0
106014,0.0
106015,0.0
106016,0.0
106017,0.0
106018,0.0
106019,0.0
106020,0.0
106021,0.0
106022,0.0
106023,0.0
106024,0.0
106025,0.0
106026,0.0
106027,0.0
106028,0.0
106029,0.0
106030,0.0
106031,0.0
106032,7.86416509392
106033,0.0
106034,0.0
106035,0.0
106036,0.0
106037,0.0
106038,0.0
106039,0.0
106040,0.0
106041,0.0
106042,0.0
106043,0.0
106044,0.0
106045,0.0
106046,0.0
106047,10.8431358758
106048,0.0
106049,0.0
106050,0.0
106051,0.0
106052,0.0
106053,0.0
106054,0.0
106055,0.0
106056,0.0
106057,0.0
106058,0.0
106059,0.0
106060,8.09100830975
106061,0.0
106062,0.0
106063,0.0
106064,0.0
106065,0.0
106066,0.0
106067,0.0
106068,0.0
106069,0.0
106070,0.0
106071,0.0
106072,0.0
106073,0.0
106074,0.0
106075,0.0
106076,8.34863476873
106077,0.0
106078,0.0
106079,0.0
106080,0.0
106081,8.80214274809
106082,0.0
106083,0.0
106084,0.0
106085,0.0
106086,0.0
106087,7.7449007126
106088,0.0
106089,0.0
106090,0.0
106091,0.0
106092,0.0
106093,0.0
106094,0.0
106095,0.0
106096,0.0
106097,0.0
106098,0.0
106099,0.0
106100,0.0
106101,0.0
106102,0.0
106103,0.0
106104,0.0
106105,0.0
106106,0.0
106107,0.0
106108,0.0
106109,0.0
106110,0.0
106111,0.0
106112,0.0
106113,2.61989340136
106114,7.98272243818
106115,0.0
106116,0.0
106117,0.0
106118,0.0
106119,0.0
106120,0.0
106121,0.0
106122,0.0
106123,0.0
106124,0.0
106125,0.0
106126,0.0
106127,0.0
106128,0.0
106129,0.0
106130,0.0
106131,7.65906702093
106132,0.0
106133,0.0
106134,0.0
106135,0.0
106136,0.0
106137,0.0
106138,0.0
106139,0.0
106140,0.0
106141,0.0
106142,0.0
106143,7.86184978501
106144,0.0
106145,0.0
106146,0.0
106147,7.40569814393
106148,0.0
106149,0.0
106150,0.0
106151,0.0
106152,0.0
106153,0.0
106154,0.0
106155,0.0
106156,4.82644950261
106157,0.0
106158,0.0
106159,2.61989340136
106160,0.0
106161,0.0
106162,8.37318190459
106163,0.0
106164,0.0
106165,8.85258221072
106166,0.0
106167,0.0
106168,2.61989340136
106169,0.0
106170,0.0
106171,0.0
106172,0.0
106173,0.0
106174,0.0
106175,0.0
106176,0.0
106177,0.0
106178,2.61989340136
106179,0.0
106180,0.0
106181,0.0
106182,3.78724009394
106183,2.61989340136
106184,0.0
106185,0.0
106186,0.0
106187,0.0
106188,0.0
106189,4.06958124836
106190,0.0
106191,0.0
106192,0.0
106193,0.0
106194,0.0
106195,0.0
106196,0.0
106197,0.0
106198,0.0
106199,0.0
106200,0.0
106201,0.0
106202,0.0
106203,0.0
106204,0.0
106205,0.0
106206,0.0
106207,0.0
106208,0.0
106209,16.8582121961
106210,0.0
106211,0.0
106212,0.0
106213,0.0
106214,0.0
106215,0.0
106216,0.0
106217,0.0
106218,0.0
106219,0.0
106220,0.0
106221,8.19112425904
106222,0.0
106223,0.0
106224,2.61989340136
106225,0.0
106226,0.0
106227,0.0
106228,0.0
106229,0.0
106230,0.0
106231,0.0
106232,0.0
106233,0.0
106234,0.0
106235,0.0
106236,0.0
106237,0.0
106238,0.0
106239,0.0
106240,0.0
106241,0.0
106242,0.0
106243,0.0
106244,2.74597531104
106245,0.0
106246,0.0
106247,0.0
106248,0.0
106249,0.0
106250,0.0
106251,0.0
106252,2.61989340136
106253,0.0
106254,0.0
106255,8.16536760391
106256,0.0
106257,0.0
106258,0.0
106259,0.0
106260,0.0
106261,3.59296177707
106262,0.0
106263,0.0
106264,0.0
106265,0.0
106266,0.0
106267,0.0
106268,8.11952439529
106269,4.89554864594
106270,0.0
106271,0.0
106272,0.0
106273,0.0
106274,0.0
106275,0.0
106276,0.0
106277,0.0
106278,8.60156225627
106279,0.0
106280,0.0
106281,0.0
106282,0.0
106283,0.0
106284,0.0
106285,0.0
106286,0.0
106287,0.0
106288,0.0
106289,0.0
106290,0.0
106291,0.0
106292,0.0
106293,0.0
106294,0.0
106295,0.0
106296,0.0
106297,0.0
106298,3.55860282927
106299,0.0
106300,0.0
106301,0.0
106302,0.0
106303,0.0
106304,0.0
106305,0.0
106306,0.0
106307,0.0
106308,3.69581224219
106309,0.0
106310,11.128474952
106311,0.0
106312,0.0
106313,2.61989340136
106314,0.0
106315,0.0
106316,7.86027541275
106317,0.0
106318,0.0
106319,0.0
106320,0.0
106321,0.0
106322,0.0
106323,0.0
106324,0.0
106325,0.0
106326,0.0
106327,0.0
106328,0.0
106329,0.0
106330,0.0
106331,0.0
106332,0.0
106333,0.0
106334,2.61989340136
106335,0.0
106336,7.16570197636
106337,0.0
106338,0.0
106339,0.0
106340,0.0
106341,0.0
106342,0.0
106343,0.0
106344,0.0
106345,0.0
106346,0.0
106347,0.0
106348,0.0
106349,0.0
106350,0.0
106351,0.0
106352,0.0
106353,0.0
106354,0.0
106355,0.0
106356,0.0
106357,2.61989340137
106358,0.0
106359,0.0
106360,0.0
106361,0.0
106362,0.0
106363,0.0
106364,0.0
106365,0.0
106366,0.0
106367,0.0
106368,0.0
106369,0.0
106370,0.0
106371,0.0
106372,0.0
106373,0.0
106374,0.0
106375,3.8392987839
106376,0.0
106377,0.0
106378,0.0
106379,0.0
106380,0.0
106381,0.0
106382,0.0
106383,0.0
106384,2.24702522778
106385,2.61989340133
106386,0.0
106387,2.61989340136
106388,0.0
106389,0.0
106390,0.0
106391,0.0
106392,0.0
106393,0.0
106394,0.0
106395,0.0
106396,0.0
106397,0.0
106398,0.0
106399,0.0
106400,0.0
106401,0.0
106402,0.0
106403,0.0
106404,0.0
106405,0.0
106406,0.0
106407,0.0
106408,0.0
106409,0.0
106410,0.0
106411,0.0
106412,0.0
106413,0.0
106414,0.0
106415,0.0
106416,0.0
106417,0.0
106418,0.0
106419,0.0
106420,0.0
106421,0.0
106422,0.0
106423,0.0
106424,0.0
106425,0.0
106426,0.0
106427,0.0
106428,0.0
106429,0.0
106430,2.61989340136
106431,0.0
106432,0.0
106433,0.0
106434,0.0
106435,0.0
106436,0.0
106437,0.0
106438,0.0
106439,0.0
106440,0.0
106441,0.0
106442,0.0
106443,0.0
106444,0.0
106445,0.0
106446,0.0
106447,0.0
106448,0.0
106449,0.0
106450,0.0
106451,0.0
106452,0.0
106453,0.0
106454,0.0
106455,0.0
106456,0.0
106457,0.0
106458,0.0
106459,0.0
106460,0.0
106461,0.0
106462,0.0
106463,0.0
106464,0.0
106465,0.0
106466,0.0
106467,0.0
106468,0.0
106469,0.0
106470,0.0
106471,0.0
106472,0.0
106473,0.0
106474,3.4468240445
106475,0.0
106476,0.0
106477,9.31488241219
106478,0.0
106479,0.0
106480,0.0
106481,0.0
106482,0.0
106483,0.0
106484,0.0
106485,0.0
106486,0.0
106487,0.0
106488,0.0
106489,4.68415500189
106490,0.0
106491,0.0
106492,0.0
106493,0.0
106494,0.0
106495,0.0
106496,0.0
106497,2.61989340133
106498,0.0
106499,7.68634988869
106500,0.0
106501,0.0
106502,0.0
106503,0.0
106504,7.60614237824
106505,0.0
106506,0.0
106507,0.0
106508,0.0
106509,0.0
106510,0.0
106511,0.0
106512,0.0
106513,0.0
106514,2.61989340136
106515,0.0
106516,0.0
106517,0.0
106518,0.0
106519,2.61989340136
106520,0.0
106521,0.0
106522,0.0
106523,0.0
106524,0.0
106525,0.0
106526,0.0
106527,0.0
106528,0.0
106529,0.0
106530,0.0
106531,0.0
106532,0.0
106533,0.0
106534,0.0
106535,7.8414033949
106536,0.0
106537,0.0
106538,5.09602563603
106539,7.47164859085
106540,0.0
106541,0.0
106542,0.0
106543,0.0
106544,0.0
106545,2.6628848719
106546,0.0
106547,0.0
106548,2.61989340136
106549,0.0
106550,0.0
106551,8.39795550526
106552,11.3856835182
106553,0.0
106554,0.0
106555,0.0
106556,0.0
106557,0.0
106558,0.0
106559,0.0
106560,0.0
106561,2.61989340136
106562,2.61989340136
106563,0.0
106564,0.0
106565,0.0
106566,0.0
106567,0.0
106568,0.0
106569,0.0
106570,8.70693149403
106571,0.0
106572,0.0
106573,0.0
106574,0.0
106575,2.61989340136
106576,0.0
106577,0.0
106578,10.0256986853
106579,0.0
106580,0.0
106581,0.0
106582,0.0
106583,0.0
106584,0.0
106585,0.0
106586,0.0
106587,0.0
106588,0.0
106589,0.0
106590,2.61989340136
106591,0.0
106592,2.61989340136
106593,0.0
106594,0.0
106595,0.0
106596,0.0
106597,0.0
106598,0.0
106599,0.0
106600,0.0
106601,0.0
106602,0.0
106603,0.0
106604,0.0
106605,0.0
106606,0.0
106607,0.0
106608,0.0
106609,2.61989340136
106610,0.0
106611,0.0
106612,0.0
106613,0.0
106614,0.0
106615,3.16433236572
106616,0.0
106617,5.32248432581
106618,0.0
106619,0.0
106620,0.0
106621,0.0
106622,0.0
106623,0.0
106624,0.0
106625,9.2150106673
106626,0.0
106627,0.0
106628,0.0
106629,0.0
106630,0.0
106631,0.0
106632,0.0
106633,0.0
106634,0.0
106635,7.58482441264
106636,0.0
106637,0.0
106638,0.0
106639,0.0
106640,0.0
106641,0.0
106642,0.0
106643,0.0
106644,0.0
106645,0.0
106646,0.0
106647,0.0
106648,0.0
106649,0.0
106650,0.0
106651,0.0
106652,0.0
106653,0.0
106654,0.0
106655,2.61989340136
106656,0.0
106657,0.0
106658,0.0
106659,0.0
106660,0.0
106661,0.0
106662,0.0
106663,0.0
106664,0.0
106665,0.0
106666,0.0
106667,0.0
106668,0.0
106669,2.61989340136
106670,0.0
106671,3.09245095662
106672,0.0
106673,0.0
106674,0.0
106675,0.0
106676,24.3319119012
106677,0.0
106678,0.0
106679,0.0
106680,3.27824616914
106681,8.58513887961
106682,0.0
106683,2.61989340136
106684,0.0
106685,0.0
106686,2.61989340136
106687,0.0
106688,7.18121166614
106689,0.0
106690,0.0
106691,0.0
106692,0.0
106693,0.0
106694,0.0
106695,0.0
106696,0.0
106697,0.0
106698,0.0
106699,0.0
106700,3.33510004027
106701,0.0
106702,0.0
106703,0.0
106704,0.0
106705,0.0
106706,0.0
106707,7.11222673221
106708,0.0
106709,0.0
106710,0.0
106711,0.0
106712,0.0
106713,0.0
106714,0.0
106715,0.0
106716,0.0
106717,7.11167985697
106718,0.0
106719,0.0
106720,0.0
106721,13.0309125198
106722,0.0
106723,0.0
106724,0.0
106725,0.0
106726,0.0
106727,0.0
106728,0.0
106729,0.0
106730,0.0
106731,0.0
106732,8.026547659
106733,0.0
106734,2.61989340136
106735,0.0
106736,0.0
106737,0.0
106738,0.0
106739,9.02189115933
106740,8.73055528551
106741,0.0
106742,0.0
106743,0.0
106744,0.0
106745,0.0
106746,1.32689928722
106747,0.0
106748,0.0
106749,3.27246854743
106750,0.0
106751,0.0
106752,0.0
106753,12.944681209
106754,0.0
106755,0.0
106756,0.0
106757,0.0
106758,0.0
106759,0.0
106760,2.61989340136
106761,0.0
106762,0.0
106763,0.0
106764,0.0
106765,0.0
106766,1.74049263816
106767,3.6377154423
106768,0.0
106769,0.0
106770,0.0
106771,0.0
106772,0.0
106773,0.0
106774,0.0
106775,0.0
106776,0.0
106777,0.0
106778,0.0
106779,3.84439338593
106780,0.0
106781,0.0
106782,0.0
106783,0.0
106784,0.0
106785,0.0
106786,0.0
106787,0.0
106788,0.0
106789,10.0964568278
106790,0.0
106791,0.0
106792,0.0
106793,0.0
106794,9.38533806708
106795,0.0
106796,0.0
106797,0.0
106798,0.0
106799,2.61989340136
106800,0.0
106801,0.0
106802,0.0
106803,0.0
106804,0.0
106805,0.0
106806,0.0
106807,0.0
106808,0.0
106809,0.0
106810,0.0
106811,0.0
106812,0.0
106813,0.0
106814,0.0
106815,0.0
106816,0.0
106817,0.0
106818,0.0
106819,0.0
106820,0.0
106821,0.0
106822,0.0
106823,0.0
106824,0.0
106825,0.0
106826,0.0
106827,0.0
106828,0.0
106829,0.0
106830,8.9291899695
106831,0.0
106832,0.0
106833,0.0
106834,0.0
106835,0.0
106836,0.0
106837,12.0940827288
106838,0.0
106839,0.0
106840,0.0
106841,0.0
106842,8.80195683872
106843,0.0
106844,0.0
106845,0.0
106846,0.0
106847,0.0
106848,0.0
106849,0.0
106850,0.0
106851,0.0
106852,0.0
106853,0.0
106854,0.0
106855,2.61989340136
106856,0.0
106857,0.0
106858,0.0
106859,0.0
106860,0.0
106861,0.0
106862,0.0
106863,0.0
106864,0.0
106865,0.0
106866,0.0
106867,0.0
106868,0.0
106869,0.0
106870,0.0
106871,6.61374096211
106872,0.0
106873,0.0
106874,0.0
106875,0.0
106876,0.0
106877,2.61989340136
106878,0.0
106879,0.0
106880,2.61989340136
106881,0.0
106882,0.0
106883,2.62451026337
106884,0.0
106885,0.0
106886,0.0
106887,0.0
106888,2.61989340136
106889,0.0
106890,0.0
106891,0.0
106892,0.0
106893,0.0
106894,0.0
106895,0.0
106896,0.0
106897,0.0
106898,0.0
106899,0.0
106900,0.0
106901,0.0
106902,0.0
106903,0.0
106904,0.0
106905,0.0
106906,0.0
106907,0.0
106908,0.0
106909,0.0
106910,0.0
106911,0.0
106912,0.0
106913,0.0
106914,0.0
106915,0.0
106916,0.0
106917,0.0
106918,0.0
106919,0.0
106920,0.0
106921,0.0
106922,0.0
106923,0.0
106924,0.0
106925,0.0
106926,0.0
106927,0.0
106928,4.48233281249
106929,0.0
106930,0.0
106931,0.0
106932,0.0
106933,0.0
106934,0.0
106935,0.0
106936,0.0
106937,0.0
106938,0.0
106939,0.0
106940,0.0
106941,0.0
106942,0.0
106943,0.0
106944,0.0
106945,0.0
106946,0.0
106947,0.0
106948,0.0
106949,0.0
106950,0.0
106951,8.04000399712
106952,0.0
106953,0.0
106954,0.0
106955,0.0
106956,0.0
106957,0.0
106958,0.0
106959,0.0
106960,0.0
106961,0.0
106962,0.0
106963,2.61989340136
106964,0.0
106965,0.0
106966,2.61989340136
106967,0.0
106968,0.0
106969,0.0
106970,0.0
106971,0.0
106972,0.0
106973,0.0
106974,0.0
106975,0.0
106976,0.0
106977,2.77862258322
106978,0.0
106979,0.0
106980,0.0
106981,0.0
106982,0.0
106983,0.0
106984,0.0
106985,0.0
106986,0.0
106987,13.2765878184
106988,0.0
106989,0.0
106990,0.0
106991,0.0
106992,2.61989340136
106993,0.0
106994,0.0
106995,0.0
106996,7.39913961376
106997,0.0
106998,0.0
106999,0.0
107000,0.0
107001,0.0
107002,0.0
107003,0.0
107004,0.0
107005,0.0
107006,0.0
107007,7.93461569786
107008,0.0
107009,0.0
107010,0.0
107011,0.0
107012,0.0
107013,0.831916214667
107014,0.0
107015,0.0
107016,12.2572374452
107017,0.0
107018,0.0
107019,0.0
107020,0.0
107021,0.0
107022,0.0
107023,0.0
107024,0.0
107025,0.0
107026,0.0
107027,3.20871160815
107028,0.0
107029,0.0
107030,0.0
107031,0.0
107032,0.0
107033,0.0
107034,0.0
107035,0.0
107036,0.0
107037,0.0
107038,0.0
107039,0.0
107040,0.0
107041,0.0
107042,0.0
107043,0.0
107044,0.0
107045,7.75176765715
107046,0.0
107047,0.0
107048,0.0
107049,0.0
107050,2.61989340136
107051,0.0
107052,0.0
107053,2.61989340136
107054,6.78868847717
107055,0.0
107056,0.0
107057,3.09037506156
107058,0.0
107059,2.61989340136
107060,0.0
107061,0.0
107062,0.0
107063,2.61989340136
107064,0.0
107065,0.0
107066,4.61487557834
107067,8.4029868339
107068,0.0
107069,0.0
107070,0.0
107071,0.0
107072,0.0
107073,0.0
107074,0.0
107075,0.0
107076,0.0
107077,0.0
107078,0.0
107079,0.0
107080,0.0
107081,0.0
107082,0.0
107083,0.0
107084,0.0
107085,0.0
107086,0.0
107087,0.0
107088,0.0
107089,0.0
107090,0.0
107091,0.0
107092,0.0
107093,0.0
107094,0.0
107095,0.0
107096,7.77509501726
107097,0.0
107098,0.0
107099,0.0
107100,0.0
107101,0.0
107102,0.0
107103,6.63173199848
107104,0.0
107105,0.0
107106,0.0
107107,0.0
107108,0.0
107109,0.0
107110,0.0
107111,11.9950678874
107112,0.0
107113,0.0
107114,0.0
107115,0.0
107116,0.0
107117,0.0
107118,0.0
107119,0.0
107120,0.0
107121,0.0
107122,0.0
107123,0.0
107124,1.80029734115
107125,0.0
107126,0.0
107127,0.0
107128,0.0
107129,0.0
107130,0.0
107131,2.61989340136
107132,0.0
107133,6.2282424307
107134,0.0
107135,0.0
107136,0.0
107137,0.0
107138,0.0
107139,0.0
107140,0.0
107141,12.7510600999
107142,0.0
107143,0.0
107144,0.0
107145,9.67924092869
107146,0.0
107147,0.0
107148,0.0
107149,0.0
107150,0.0
107151,0.0
107152,3.59307214697
107153,0.0
107154,0.0
107155,0.0
107156,0.0
107157,3.91162047613
107158,0.0
107159,0.0
107160,0.0
107161,0.0
107162,0.0
107163,0.0
107164,0.0
107165,0.0
107166,0.0
107167,0.0
107168,0.0
107169,0.0
107170,0.0
107171,0.0
107172,0.0
107173,0.0
107174,0.0
107175,0.0
107176,0.0
107177,0.0
107178,0.0
107179,0.0
107180,0.0
107181,0.0
107182,0.0
107183,0.0
107184,0.0
107185,0.0
107186,0.0
107187,0.0
107188,0.0
107189,0.0
107190,0.0
107191,0.0
107192,0.0
107193,2.61989340136
107194,0.0
107195,0.0
107196,0.0
107197,0.0
107198,0.0
107199,0.0
107200,0.0
107201,2.00182763983
107202,0.0
107203,0.0
107204,0.0
107205,0.0
107206,0.0
107207,0.0
107208,0.0
107209,2.61989340136
107210,2.61989340136
107211,0.0
107212,0.0
107213,0.0
107214,0.0
107215,0.0
107216,0.0
107217,0.0
107218,0.0
107219,0.0
107220,0.0
107221,0.0
107222,0.0
107223,0.0
107224,0.0
107225,0.0
107226,0.0
107227,0.0
107228,0.0
107229,0.0
107230,0.0
107231,0.0
107232,0.0
107233,0.0
107234,0.0
107235,3.69944573658
107236,0.0
107237,0.0
107238,0.0
107239,0.0
107240,0.0
107241,0.0
107242,0.0
107243,0.0
107244,0.0
107245,3.39713449794
107246,0.0
107247,0.0
107248,0.0
107249,4.96380213746
107250,0.0
107251,4.19260824213
107252,0.0
107253,0.0
107254,1.65763409125
107255,0.0
107256,0.0
107257,9.47885630817
107258,0.0
107259,0.0
107260,0.0
107261,0.0
107262,0.0
107263,0.0
107264,0.0
107265,0.0
107266,0.0
107267,0.0
107268,0.0
107269,0.0
107270,0.0
107271,0.0
107272,0.0
107273,0.0
107274,0.0
107275,0.0
107276,0.0
107277,0.0
107278,0.0
107279,0.0
107280,10.9236795429
107281,0.0
107282,0.0
107283,0.0
107284,1.58954377269
107285,6.1430460897
107286,0.0
107287,0.0
107288,0.0
107289,1.51446416508
107290,0.0
107291,0.0
107292,0.0
107293,0.0
107294,0.0
107295,0.0
107296,7.45728433043
107297,0.0
107298,7.21209130631
107299,0.0
107300,2.61989340136
107301,0.0
107302,0.0
107303,0.0
107304,0.0
107305,0.0
107306,0.0
107307,0.0
107308,0.0
107309,0.0
107310,0.0
107311,2.61989340136
107312,0.0
107313,0.0
107314,0.0
107315,0.0
107316,0.0
107317,0.0
107318,0.0
107319,0.0
107320,0.0
107321,0.0
107322,0.0
107323,0.0
107324,0.0
107325,0.0
107326,0.0
107327,5.45642437603
107328,0.0
107329,9.47459173935
107330,0.0
107331,0.0
107332,0.0
107333,0.0
107334,0.0
107335,0.0
107336,0.0
107337,0.0
107338,2.61989340136
107339,0.0
107340,0.0
107341,7.72089874769
107342,0.0
107343,0.0
107344,0.0
107345,0.0
107346,0.0
107347,0.0
107348,0.0
107349,0.0
107350,0.0
107351,0.0
107352,0.0
107353,0.0
107354,7.75188428168
107355,0.0
107356,0.0
107357,0.0
107358,0.0
107359,0.0
107360,0.0
107361,0.0
107362,2.61989340136
107363,0.0
107364,0.0
107365,0.0
107366,0.0
107367,0.0
107368,0.0
107369,0.0
107370,0.0
107371,0.0
107372,0.0
107373,0.0
107374,0.0
107375,0.0
107376,0.0
107377,0.0
107378,0.0
107379,0.0
107380,0.0
107381,0.0
107382,0.0
107383,0.0
107384,8.74636356799
107385,7.30244104776
107386,7.38498239928
107387,0.0
107388,0.0
107389,0.0
107390,0.0
107391,0.0
107392,2.0932520341
107393,0.0
107394,2.61989340136
107395,0.0
107396,14.4183733464
107397,0.0
107398,0.0
107399,0.0
107400,2.61989340136
107401,0.0
107402,0.0
107403,0.0
107404,0.0
107405,0.0
107406,0.0
107407,0.0
107408,0.0
107409,0.0
107410,0.0
107411,0.0
107412,0.0
107413,0.0
107414,0.0
107415,0.0
107416,0.0
107417,0.0
107418,0.0
107419,0.0
107420,0.0
107421,0.0
107422,0.0
107423,0.0
107424,0.0
107425,0.0
107426,0.0
107427,0.0
107428,0.0
107429,0.0
107430,0.0
107431,0.0
107432,0.0
107433,0.0
107434,0.0
107435,0.0
107436,0.0
107437,0.0
107438,7.5332982717
107439,0.0
107440,0.0
107441,0.0
107442,0.0
107443,0.0
107444,0.0
107445,0.0
107446,0.0
107447,0.0
107448,0.0
107449,3.2600213301
107450,2.61989340136
107451,0.0
107452,0.0
107453,0.0
107454,0.0
107455,1.59346267442
107456,0.0
107457,2.06523657244
107458,0.0
107459,0.0
107460,0.0
107461,0.0
107462,0.0
107463,0.0
107464,0.0
107465,0.0
107466,2.61989340136
107467,0.0
107468,0.0
107469,0.0
107470,8.80575463344
107471,0.0
107472,0.0
107473,4.37913357424
107474,0.0
107475,0.0
107476,2.61989340136
107477,7.42526199283
107478,0.0
107479,0.393958725167
107480,3.63910443195
107481,0.0
107482,0.0
107483,0.0
107484,0.0
107485,0.0
107486,0.0
107487,0.0
107488,0.0
107489,0.0
107490,0.0
107491,0.0
107492,0.0
107493,0.0
107494,0.0
107495,0.0
107496,0.0
107497,0.0
107498,0.0
107499,0.0
107500,0.0
107501,2.61989340136
107502,0.0
107503,0.0
107504,0.0
107505,0.0
107506,0.0
107507,0.0
107508,0.0
107509,0.0
107510,0.0
107511,0.0
107512,0.0
107513,0.0
107514,0.0
107515,0.0
107516,0.0
107517,0.0
107518,0.0
107519,0.0
107520,0.0
107521,0.0
107522,0.0
107523,0.0
107524,0.0
107525,0.0
107526,0.0
107527,2.7598522012
107528,0.0
107529,0.0
107530,0.0
107531,0.0
107532,0.0
107533,0.0
107534,2.61989340136
107535,0.0
107536,0.0
107537,2.61989340136
107538,2.24206413806
107539,0.0
107540,0.0
107541,0.0
107542,0.0
107543,5.00083332422
107544,0.0
107545,0.0
107546,0.0
107547,0.0
107548,0.0
107549,0.0
107550,0.0
107551,0.0
107552,5.27060180013
107553,0.0
107554,0.0
107555,0.0
107556,0.0
107557,0.0
107558,0.0
107559,11.1015034743
107560,0.0
107561,0.0
107562,0.0
107563,0.0
107564,2.61989340136
107565,0.0
107566,0.0
107567,0.0
107568,0.0
107569,0.0
107570,0.0
107571,0.0
107572,0.0
107573,0.0
107574,0.0
107575,0.0
107576,0.0
107577,0.0
107578,0.0
107579,0.0
107580,0.0
107581,0.0
107582,0.0
107583,2.61989340136
107584,0.0
107585,0.0
107586,0.0
107587,0.0
107588,0.0
107589,0.0
107590,0.0
107591,0.0
107592,0.0
107593,0.0
107594,5.82063505328
107595,0.0
107596,0.0
107597,0.0
107598,0.0
107599,0.0
107600,0.0
107601,0.0
107602,0.0
107603,0.0
107604,0.0
107605,0.0
107606,0.0
107607,2.61989340136
107608,0.0
107609,0.0
107610,0.0
107611,0.0
107612,0.0
107613,0.0
107614,0.0
107615,0.0
107616,0.0
107617,0.0
107618,0.0
107619,0.0
107620,0.0
107621,0.0
107622,0.0
107623,0.0
107624,0.0
107625,0.0
107626,0.0
107627,0.0
107628,0.0
107629,0.0
107630,0.0
107631,0.0
107632,0.0
107633,0.0
107634,0.0
107635,0.0
107636,0.0
107637,0.0
107638,0.0
107639,2.61989340002
107640,2.61989340136
107641,0.0
107642,3.85871935983
107643,0.0
107644,0.0
107645,0.0
107646,0.0
107647,0.0
107648,0.0
107649,0.0
107650,0.0
107651,0.0
107652,0.0
107653,0.0
107654,0.0
107655,0.0
107656,0.0
107657,0.0
107658,0.0
107659,0.0
107660,0.0
107661,0.0
107662,0.0
107663,0.0
107664,6.1242357528
107665,0.0
107666,0.0
107667,2.61989340136
107668,0.0
107669,0.0
107670,0.0
107671,0.0
107672,0.0
107673,0.0
107674,0.0
107675,0.0
107676,0.0
107677,0.0
107678,9.1853715889
107679,0.0
107680,0.0
107681,0.0
107682,0.0
107683,0.0
107684,0.0
107685,0.0
107686,0.0
107687,0.0
107688,4.55202990972
107689,0.0
107690,0.0
107691,0.0
107692,0.0
107693,0.0
107694,0.0
107695,0.0
107696,0.0
107697,0.0
107698,0.0
107699,0.0
107700,0.0
107701,8.13362524147
107702,0.0
107703,0.0
107704,0.0
107705,0.0
107706,0.0
107707,4.83764570763
107708,2.61989340136
107709,0.0
107710,0.0
107711,0.0
107712,0.0
107713,11.8546722729
107714,0.0
107715,0.0
107716,0.0
107717,0.0
107718,0.0
107719,2.61989340136
107720,0.0
107721,0.0
107722,0.0
107723,0.0
107724,0.0
107725,2.1147035944
107726,12.7515724182
107727,0.0
107728,0.0
107729,0.0
107730,0.0
107731,2.61989384346
107732,0.0
107733,2.61989340136
107734,2.61989340136
107735,0.0
107736,0.0
107737,0.0
107738,2.6848346785
107739,0.0
107740,7.66309282028
107741,0.0
107742,0.0
107743,4.85753252841
107744,0.0
107745,0.0
107746,6.12276128247
107747,0.0
107748,0.0
107749,0.0
107750,8.19969512854
107751,0.0
107752,0.0
107753,0.0
107754,0.0
107755,0.0
107756,0.0
107757,2.19970350894
107758,0.0
107759,7.67247982259
107760,0.0
107761,0.0
107762,0.0
107763,0.0
107764,5.16368928
107765,0.0
107766,0.0
107767,0.0
107768,0.0
107769,0.0
107770,0.0
107771,0.0
107772,0.0
107773,0.0
107774,0.0
107775,0.0
107776,0.0
107777,0.0
107778,0.0
107779,0.0
107780,0.0
107781,0.0
107782,0.0
107783,0.0
107784,0.0
107785,0.0
107786,0.0
107787,9.53060347566
107788,0.0
107789,0.0
107790,7.20990825605
107791,3.30543259315
107792,0.0
107793,0.0
107794,0.0
107795,8.86187632833
107796,0.0
107797,0.0
107798,0.0
107799,0.0
107800,4.07170447594
107801,0.0
107802,0.0
107803,0.0
107804,0.0
107805,0.0
107806,0.0
107807,0.0
107808,0.0
107809,0.0
107810,0.0
107811,0.0
107812,0.0
107813,0.0
107814,2.61989340136
107815,0.0
107816,0.0
107817,0.0
107818,0.0
107819,0.0
107820,0.0
107821,0.0
107822,2.61989340136
107823,0.0
107824,0.0
107825,2.61989340136
107826,0.0
107827,0.0
107828,0.0
107829,0.0
107830,0.0
107831,4.60170115559
107832,0.0
107833,0.0
107834,0.0
107835,0.0
107836,0.0
107837,0.0
107838,0.0
107839,0.0
107840,0.0
107841,0.0
107842,0.0
107843,2.61989340136
107844,0.0
107845,0.0
107846,0.0
107847,0.0
107848,0.0
107849,0.0
107850,10.3811537339
107851,0.0
107852,0.0
107853,5.11434849346
107854,2.61989340136
107855,0.0
107856,0.0
107857,0.0
107858,0.0
107859,0.0
107860,0.0
107861,0.0
107862,0.0
107863,8.61305162972
107864,0.0
107865,0.0
107866,0.0
107867,0.0
107868,0.0
107869,0.0
107870,0.0
107871,0.0
107872,9.05847392997
107873,0.0
107874,0.0
107875,3.74351675772
107876,0.0
107877,0.0
107878,0.0
107879,0.0
107880,0.0
107881,0.0
107882,0.0
107883,0.0
107884,0.0
107885,0.0
107886,2.70741568904
107887,0.0
107888,0.0
107889,0.0
107890,0.0
107891,0.0
107892,0.0
107893,3.97649552634
107894,0.0
107895,6.75607452098
107896,0.0
107897,7.46675575709
107898,0.0
107899,0.0
107900,0.0
107901,7.77224869257
107902,0.0
107903,0.0
107904,0.0
107905,0.0
107906,0.0
107907,0.0
107908,0.0
107909,0.0
107910,0.0
107911,0.0
107912,0.0
107913,0.0
107914,0.0
107915,0.0
107916,0.0
107917,0.0
107918,0.0
107919,0.0
107920,0.0
107921,0.0
107922,0.0
107923,0.0
107924,0.0
107925,0.0
107926,0.0
107927,0.0
107928,0.0
107929,0.0
107930,0.0
107931,0.0
107932,0.0
107933,0.0
107934,0.0
107935,0.0
107936,0.0
107937,0.0
107938,0.0
107939,7.49844683306
107940,0.0
107941,0.0
107942,0.0
107943,8.06061618861
107944,0.0
107945,0.0
107946,0.0
107947,0.0
107948,0.0
107949,0.0
107950,0.965143978076
107951,6.74037249296
107952,0.0
107953,0.0
107954,0.0
107955,0.0
107956,0.0
107957,0.0
107958,6.96865318965
107959,0.0
107960,0.0
107961,0.0
107962,6.56735200204
107963,0.0
107964,0.0
107965,7.64239726165
107966,0.0
107967,0.0
107968,0.0
107969,0.0
107970,5.57927214929
107971,0.0
107972,0.0
107973,0.0
107974,0.0
107975,0.0
107976,0.0
107977,0.0
107978,0.0
107979,0.0
107980,0.0
107981,0.0
107982,0.0
107983,0.0
107984,0.0
107985,0.0
107986,0.0
107987,0.0
107988,0.0
107989,0.0
107990,6.70479539255
107991,0.0
107992,7.23567662228
107993,0.0
107994,0.0
107995,0.0
107996,0.0
107997,0.0
107998,0.0
107999,0.0
108000,0.0
108001,0.0
108002,0.0
108003,0.0
108004,0.0
108005,0.0
108006,0.0
108007,0.0
108008,0.0
108009,0.0
108010,0.0
108011,0.0
108012,0.0
108013,0.0
108014,0.0
108015,0.0
108016,0.0
108017,0.0
108018,0.0
108019,0.0
108020,0.0
108021,0.0
108022,0.0
108023,0.0
108024,0.0
108025,0.0
108026,0.0
108027,0.0
108028,0.0
108029,0.0
108030,0.0
108031,0.0
108032,0.0
108033,0.0
108034,0.0
108035,0.0
108036,0.0
108037,0.0
108038,0.0
108039,0.0
108040,0.0
108041,0.0
108042,0.0
108043,2.30551104132
108044,0.0
108045,0.0
108046,0.0
108047,0.0
108048,0.0
108049,0.0
108050,0.0
108051,1.10716859511
108052,0.0
108053,0.0
108054,0.0
108055,0.0
108056,0.0
108057,0.0
108058,0.0
108059,0.0
108060,0.0
108061,0.0
108062,0.0
108063,0.0
108064,0.0
108065,0.0
108066,0.0
108067,3.8763095045
108068,0.0
108069,1.24002359863
108070,0.0
108071,0.0
108072,0.0
108073,0.0
108074,0.0
108075,0.0
108076,0.0
108077,0.0
108078,0.0
108079,0.0
108080,0.0
108081,0.0
108082,0.0
108083,0.0
108084,0.0
108085,0.0
108086,0.0
108087,0.0
108088,0.0
108089,2.61989340136
108090,0.0
108091,0.0
108092,0.0
108093,0.0
108094,0.0
108095,6.25076092366
108096,0.0
108097,0.0
108098,0.0
108099,0.0
108100,0.0
108101,0.0
108102,0.0
108103,0.0
108104,0.0
108105,0.0
108106,0.0
108107,0.0
108108,0.0
108109,0.0
108110,0.0
108111,0.0
108112,0.0
108113,0.0
108114,0.0
108115,0.0
108116,0.0
108117,0.0
108118,0.0
108119,0.0
108120,0.0
108121,0.0
108122,0.0
108123,0.0
108124,0.0
108125,0.0
108126,0.0
108127,8.40057924598
108128,0.0
108129,0.0
108130,0.0
108131,0.0
108132,0.0
108133,0.0
108134,2.61989340294
108135,0.0
108136,0.0
108137,0.0
108138,0.0
108139,0.0
108140,0.0
108141,0.0
108142,0.0
108143,0.0
108144,0.0
108145,0.0
108146,0.0
108147,0.0
108148,6.64991763085
108149,0.0
108150,0.0
108151,0.0
108152,0.0
108153,0.0
108154,0.0
108155,0.0
108156,0.0
108157,0.0
108158,5.92443892271
108159,0.0
108160,0.0
108161,0.0
108162,0.0
108163,2.61989340136
108164,0.0
108165,0.0
108166,0.0
108167,0.0
108168,0.0
108169,0.0
108170,0.0
108171,0.0
108172,0.0
108173,0.0
108174,0.0
108175,4.56915182596
108176,0.0
108177,0.0
108178,0.0
108179,2.64170211627
108180,0.0
108181,0.0
108182,0.0
108183,0.0
108184,0.0
108185,0.0
108186,0.0
108187,2.61989340136
108188,0.0
108189,0.0
108190,0.0
108191,0.0
108192,0.0
108193,0.0
108194,0.0
108195,0.0
108196,0.0
108197,0.0
108198,0.0
108199,0.0
108200,0.0
108201,0.0
108202,0.0
108203,0.0
108204,0.0
108205,0.0
108206,0.0
108207,0.0
108208,0.0
108209,0.0
108210,0.0
108211,0.0
108212,0.0
108213,0.0
108214,0.0
108215,3.18922248481
108216,0.0
108217,0.0
108218,0.0
108219,0.0
108220,0.0
108221,0.0
108222,0.0
108223,0.0
108224,0.0
108225,0.0
108226,0.0
108227,0.0
108228,2.61989340136
108229,0.0
108230,0.0
108231,17.0795908616
108232,0.0
108233,2.61989340136
108234,5.78733549825
108235,0.0
108236,0.0
108237,0.0
108238,0.0
108239,0.0
108240,0.0
108241,0.0
108242,0.0
108243,7.9608172441
108244,0.0
108245,8.02363994262
108246,0.0
108247,0.0
108248,0.0
108249,0.0
108250,0.0
108251,0.0
108252,0.0
108253,0.0
108254,0.0
108255,0.0
108256,2.44121810103
108257,30.4602206775
108258,0.0
108259,0.0
108260,0.0
108261,0.0
108262,2.61989340136
108263,0.0
108264,0.0
108265,0.0
108266,0.0
108267,1.16853793573
108268,0.0
108269,0.0
108270,0.0
108271,0.0
108272,0.0
108273,0.0
108274,0.0
108275,0.0
108276,0.0
108277,0.0
108278,0.0
108279,0.0
108280,0.0
108281,0.0
108282,0.0
108283,0.0
108284,0.0
108285,4.97674688946
108286,0.0
108287,0.0
108288,0.0
108289,0.0
108290,0.0
108291,0.0
108292,0.0
108293,0.0
108294,0.0
108295,0.0
108296,0.0
108297,0.0
108298,0.0
108299,0.0
108300,1.65219997621
108301,0.0
108302,0.0
108303,0.0
108304,0.0
108305,3.79500342843
108306,24.680682192
108307,7.35517378637
108308,2.61989340136
108309,0.0
108310,0.0
108311,0.0
108312,9.7072620133
108313,1.09633817863
108314,0.0
108315,0.0
108316,0.0
108317,0.0
108318,0.0
108319,0.0
108320,0.0
108321,0.0
108322,0.0
108323,0.0
108324,0.0
108325,0.0
108326,0.0
108327,2.61989340136
108328,0.0
108329,0.0
108330,0.0
108331,0.0
108332,0.0
108333,0.0
108334,0.0
108335,0.0
108336,2.87755408164
108337,0.0
108338,2.61989340136
108339,0.0
108340,0.0
108341,0.0
108342,0.0
108343,0.0
108344,0.0
108345,0.0
108346,1.35475606103
108347,0.0
108348,0.0
108349,0.0
108350,0.0
108351,0.0
108352,0.0
108353,0.0
108354,0.0
108355,0.0
108356,0.0
108357,0.0
108358,0.0
108359,0.0
108360,0.0
108361,0.0
108362,0.0
108363,0.0
108364,0.0
108365,0.0
108366,0.0
108367,0.0
108368,7.76659629003
108369,0.0
108370,0.0
108371,0.0
108372,0.0
108373,0.0
108374,0.0
108375,0.0
108376,3.00134751324
108377,0.0
108378,0.0
108379,0.0
108380,0.0
108381,0.0
108382,0.0
108383,0.0
108384,0.0
108385,0.0
108386,0.0
108387,0.0
108388,0.0
108389,7.03214161032
108390,0.0
108391,0.0
108392,8.81360789864
108393,0.0
108394,0.0
108395,0.0
108396,0.0
108397,0.0
108398,0.0
108399,0.0
108400,0.0
108401,0.0
108402,0.0
108403,0.0
108404,2.61989340136
108405,0.0
108406,6.11957475277
108407,0.0
108408,0.0
108409,0.0
108410,0.0
108411,0.0
108412,0.0
108413,0.0
108414,0.0
108415,5.11767482991
108416,0.0
108417,0.0
108418,0.0
108419,0.0
108420,0.0
108421,0.0
108422,0.0
108423,0.0
108424,0.0
108425,0.0
108426,0.0
108427,0.0
108428,1.76989129815
108429,0.0
108430,0.0
108431,0.0
108432,0.0
108433,0.0
108434,0.0
108435,0.0
108436,0.0
108437,0.0
108438,2.61989340136
108439,0.0
108440,0.0
108441,0.0
108442,0.0
108443,0.0
108444,0.0
108445,0.0
108446,0.0
108447,0.0
108448,0.0
108449,0.0
108450,0.0
108451,0.0
108452,0.0
108453,0.0
108454,0.0
108455,0.0
108456,0.0
108457,0.0
108458,2.61989340136
108459,0.0
108460,0.0
108461,0.0
108462,0.0
108463,0.0
108464,0.0
108465,0.0
108466,0.0
108467,9.2624232484
108468,0.0
108469,2.61989340136
108470,0.0
108471,0.0
108472,0.0
108473,0.0
108474,0.0
108475,0.0
108476,0.0
108477,0.0
108478,0.0
108479,0.0
108480,11.9032339034
108481,0.0
108482,0.0
108483,0.0
108484,0.0
108485,3.42242142155
108486,0.0
108487,0.0
108488,0.0
108489,0.0
108490,0.0
108491,0.0
108492,0.0
108493,0.0
108494,0.0
108495,0.764234161109
108496,0.0
108497,0.0
108498,0.0
108499,0.0
108500,0.0
108501,0.0
108502,0.0
108503,0.0
108504,0.0
108505,0.0
108506,0.0
108507,0.0
108508,0.0
108509,0.0
108510,0.0
108511,0.0
108512,0.0
108513,0.0
108514,3.70807359893
108515,7.55603423451
108516,1.64808534164
108517,0.0
108518,0.0
108519,4.59934066546
108520,0.0
108521,2.61989340136
108522,0.0
108523,0.0
108524,0.0
108525,0.0
108526,0.0
108527,0.0
108528,0.0
108529,0.0
108530,0.0
108531,2.61989340136
108532,0.0
108533,0.0
108534,22.2230844141
108535,0.0
108536,0.0
108537,2.61989340136
108538,0.0
108539,0.0
108540,0.0
108541,0.0
108542,0.0
108543,0.0
108544,0.0
108545,2.61989340136
108546,0.0
108547,0.0
108548,0.0
108549,0.0
108550,0.0
108551,0.0
108552,0.0
108553,0.0
108554,0.0
108555,0.0
108556,0.0
108557,0.0
108558,0.0
108559,0.0
108560,0.0
108561,0.0
108562,0.0
108563,0.0
108564,0.0
108565,0.0
108566,0.0
108567,2.61989340136
108568,0.0
108569,0.0
108570,0.0
108571,0.0
108572,1.95143205714
108573,0.0
108574,0.0
108575,0.0
108576,0.0
108577,0.0
108578,0.0
108579,0.0
108580,0.0
108581,0.0
108582,0.0
108583,0.0
108584,0.0
108585,0.0
108586,0.0
108587,0.0
108588,0.0
108589,0.0
108590,2.25686515952
108591,6.63428972
108592,2.93354943277
108593,2.61989340136
108594,0.0
108595,0.0
108596,0.0
108597,0.0
108598,0.0
108599,0.0
108600,0.0
108601,0.0
108602,9.10213813023
108603,8.02474821974
108604,2.358698165
108605,0.0
108606,0.0
108607,0.0
108608,8.40072374495
108609,0.0
108610,0.0
108611,0.0
108612,0.0
108613,0.0
108614,0.0
108615,0.0
108616,0.0
108617,0.0
108618,7.85814371619
108619,0.0
108620,0.0
108621,2.98689588289
108622,0.0
108623,0.0
108624,0.0
108625,0.0
108626,0.0
108627,0.0
108628,0.0
108629,0.0
108630,0.0
108631,0.0
108632,2.61989340136
108633,0.0
108634,0.0
108635,0.0
108636,0.0
108637,0.0
108638,0.0
108639,0.0
108640,0.0
108641,0.0
108642,0.0
108643,3.91250491021
108644,8.06983894854
108645,0.0
108646,0.0
108647,0.0
108648,0.0
108649,0.0
108650,0.0
108651,3.82620362399
108652,0.0
108653,0.0
108654,0.0
108655,0.0
108656,0.0
108657,0.0
108658,0.0
108659,0.0
108660,0.0
108661,0.0
108662,0.0
108663,0.0
108664,0.0
108665,0.0
108666,2.61989340136
108667,0.0
108668,0.0
108669,0.0
108670,0.0
108671,0.0
108672,0.0
108673,2.6198933897
108674,0.0
108675,0.0
108676,0.0
108677,0.0
108678,4.03225921158
108679,0.0
108680,0.0
108681,0.0
108682,0.0
108683,0.0
108684,0.0
108685,0.0
108686,0.0
108687,0.0
108688,0.0
108689,0.0
108690,0.0
108691,0.0
108692,5.93471234581
108693,0.0
108694,0.0
108695,0.0
108696,0.0
108697,0.0
108698,0.0
108699,0.0
108700,0.0
108701,7.35416870172
108702,0.0
108703,0.0
108704,0.0
108705,0.0
108706,0.0
108707,0.0
108708,0.0
108709,1.9445615398
108710,4.18997092393
108711,0.0
108712,0.0
108713,0.0
108714,0.0
108715,3.00777966807
108716,0.0
108717,0.0
108718,0.0
108719,0.0
108720,0.0
108721,0.0
108722,0.0
108723,2.61989340136
108724,0.0
108725,0.0
108726,0.0
108727,2.61989340136
108728,0.0
108729,2.32509771795
108730,0.0
108731,0.0
108732,0.0
108733,4.104118568
108734,0.0
108735,0.0
108736,0.0
108737,0.0
108738,2.61989340136
108739,0.0
108740,0.0
108741,0.0
108742,0.0
108743,0.0
108744,0.0
108745,0.0
108746,0.0
108747,0.0
108748,0.0
108749,3.06885386059
108750,0.0
108751,0.0
108752,0.0
108753,0.0
108754,2.61989340136
108755,0.0
108756,2.61989340136
108757,0.0
108758,0.0
108759,7.03548571411
108760,0.0
108761,0.0
108762,0.0
108763,0.0
108764,0.0
108765,0.0
108766,0.0
108767,0.0
108768,0.0
108769,0.408635368432
108770,0.0
108771,0.0
108772,0.0
108773,0.0
108774,0.0
108775,0.0
108776,0.0
108777,0.0
108778,0.0
108779,0.0
108780,2.61989340136
108781,0.0
108782,0.0
108783,0.0
108784,0.0
108785,0.0
108786,0.0
108787,0.0
108788,0.0
108789,0.0
108790,0.0
108791,0.0
108792,0.0
108793,0.0
108794,0.0
108795,0.0
108796,0.0
108797,3.5290437976
108798,0.0
108799,0.0
108800,0.0
108801,0.0
108802,0.0
108803,0.0
108804,0.0
108805,0.0
108806,0.0
108807,0.0
108808,0.0
108809,0.0
108810,3.77837483317
108811,0.0
108812,0.0
108813,0.0
108814,5.13615703088
108815,0.0
108816,0.0
108817,0.0
108818,0.0
108819,0.0
108820,0.0
108821,2.61989340136
108822,0.0
108823,0.0
108824,2.61989340136
108825,0.0
108826,0.0
108827,0.0
108828,0.0
108829,0.0
108830,0.0
108831,0.0
108832,0.0
108833,0.0
108834,2.61989340136
108835,4.59012155765
108836,0.0
108837,0.0
108838,0.0
108839,0.0
108840,8.64937574446
108841,0.0
108842,0.0
108843,0.0
108844,0.0
108845,0.0
108846,6.64644063582
108847,0.0
108848,0.0
108849,0.0
108850,0.0
108851,0.0
108852,0.0
108853,0.0
108854,7.59528317165
108855,0.0
108856,0.0
108857,0.0
108858,0.0
108859,0.0
108860,0.0
108861,0.0
108862,0.0
108863,0.0
108864,3.72282211914
108865,0.0
108866,0.0
108867,0.0
108868,0.0
108869,0.0
108870,0.0
108871,0.0
108872,0.0
108873,0.0
108874,0.0
108875,0.0
108876,0.0
108877,0.0
108878,0.0
108879,0.0
108880,0.0
108881,3.57081078598
108882,0.0
108883,0.0
108884,7.91727821655
108885,0.0
108886,8.41181192047
108887,0.0
108888,0.0
108889,0.0
108890,0.0
108891,0.0
108892,0.0
108893,0.0
108894,0.0
108895,0.0
108896,2.61989340136
108897,0.0
108898,0.0
108899,7.47577580972
108900,0.0
108901,0.0
108902,0.0
108903,0.0
108904,0.0
108905,0.0
108906,0.0
108907,0.0
108908,0.0
108909,0.0
108910,0.0
108911,0.0
108912,0.0
108913,0.0
108914,0.0
108915,0.0
108916,0.0
108917,0.0
108918,0.0
108919,0.0
108920,0.0
108921,0.0
108922,0.0
108923,0.0
108924,0.0
108925,0.0
108926,0.0
108927,2.61989340136
108928,0.0
108929,0.0
108930,0.0
108931,0.0
108932,0.0
108933,3.9809671096
108934,0.0
108935,0.0
108936,0.0
108937,2.61989340136
108938,0.0
108939,0.0
108940,0.0
108941,0.0
108942,0.0
108943,0.0
108944,0.0
108945,0.0
108946,0.0
108947,0.0
108948,0.0
108949,0.0
108950,0.0
108951,0.0
108952,0.0
108953,0.0
108954,0.0
108955,3.23854029011
108956,0.0
108957,0.0
108958,0.0
108959,0.0
108960,0.0
108961,0.0
108962,0.0
108963,0.0
108964,0.0
108965,0.0
108966,4.05045019809
108967,0.0
108968,0.0
108969,2.61989340136
108970,0.0
108971,0.0
108972,2.61989340136
108973,0.0
108974,0.0
108975,7.7587751276
108976,0.0
108977,0.0
108978,0.0
108979,0.0
108980,0.0
108981,0.0
108982,0.0
108983,0.0
108984,0.0
108985,0.0
108986,0.0
108987,0.0
108988,0.0
108989,0.0
108990,0.0
108991,0.0
108992,0.0
108993,2.61989340136
108994,0.0
108995,0.0
108996,0.0
108997,0.0
108998,0.0
108999,0.0
109000,0.0
109001,0.0
109002,2.61989340136
109003,0.0
109004,7.8979808789
109005,0.0
109006,0.0
109007,0.0
109008,0.0
109009,0.0
109010,0.0
109011,0.0
109012,0.0
109013,2.30259124304
109014,0.0
109015,0.0
109016,6.41409052665
109017,0.0
109018,0.0
109019,0.0
109020,0.0
109021,0.0
109022,0.0
109023,0.0
109024,0.0
109025,0.0
109026,0.0
109027,0.0
109028,0.0
109029,0.0
109030,0.0
109031,0.0
109032,0.0
109033,0.0
109034,0.0
109035,0.0
109036,0.0
109037,0.0
109038,0.0
109039,0.0
109040,0.0
109041,0.0
109042,2.61989340136
109043,0.0
109044,0.0
109045,0.0
109046,0.0
109047,0.0
109048,0.0
109049,0.0
109050,0.0
109051,5.99027467224
109052,0.0
109053,0.0
109054,0.0
109055,0.0
109056,0.0
109057,0.0
109058,0.0
109059,0.0
109060,0.0
109061,0.0
109062,0.0
109063,0.0
109064,3.34225216244
109065,0.0
109066,0.0
109067,0.0
109068,0.0
109069,0.0
109070,0.0
109071,1.55424487849
109072,0.0
109073,0.0
109074,0.0
109075,0.0
109076,2.61989340136
109077,0.0
109078,0.0
109079,10.009412297
109080,0.0
109081,0.0
109082,7.3250119579
109083,0.0
109084,0.0
109085,0.0
109086,2.61989340136
109087,0.0
109088,0.0
109089,0.0
109090,0.0
109091,0.0
109092,0.0
109093,0.0
109094,8.67815370764
109095,0.0
109096,0.0
109097,0.0
109098,0.0
109099,0.0
109100,0.0
109101,0.0
109102,0.0
109103,7.63159324171
109104,0.0
109105,0.0
109106,5.07062536505
109107,0.0
109108,0.0
109109,0.0
109110,0.0
109111,0.0
109112,0.0
109113,2.61989340136
109114,0.0
109115,0.0
109116,0.0
109117,0.0
109118,5.31312259843
109119,0.0
109120,0.0
109121,0.0
109122,0.0
109123,0.0
109124,0.0
109125,0.0
109126,0.0
109127,0.0
109128,0.0
109129,2.61989340136
109130,0.0
109131,15.2762714021
109132,0.0
109133,0.0
109134,0.0
109135,0.0
109136,0.0
109137,0.0
109138,0.0
109139,0.0
109140,0.0
109141,0.0
109142,0.0
109143,4.9428306919
109144,0.0
109145,0.0
109146,0.0
109147,0.0
109148,0.0
109149,0.0
109150,0.0
109151,0.352908467538
109152,9.55164422339
109153,0.0
109154,0.0
109155,0.0
109156,0.0
109157,0.0
109158,0.0
109159,0.0
109160,0.0
109161,0.0
109162,0.0
109163,2.61989340136
109164,2.61989340136
109165,0.0
109166,0.0
109167,0.0
109168,0.0
109169,0.0
109170,0.0
109171,0.0
109172,0.0
109173,0.0
109174,0.0
109175,0.0
109176,0.0
109177,0.0
109178,0.0
109179,0.0
109180,0.0
109181,0.0
109182,0.0
109183,0.0
109184,0.0
109185,0.0
109186,0.0
109187,0.0
109188,0.0
109189,0.0
109190,0.0
109191,0.0
109192,4.03905700761
109193,0.0
109194,0.0
109195,0.0
109196,2.61989339992
109197,0.0
109198,0.0
109199,0.0
109200,0.0
109201,0.0
109202,0.0
109203,0.0
109204,0.0
109205,0.0
109206,0.0
109207,0.0
109208,0.0
109209,0.0
109210,0.0
109211,0.0
109212,0.0
109213,0.0
109214,2.61989340136
109215,0.0
109216,0.0
109217,0.0
109218,0.0
109219,0.0
109220,0.0
109221,0.0
109222,3.37359114517
109223,0.0
109224,0.0
109225,0.0
109226,0.0
109227,1.63544767808
109228,0.0
109229,0.0
109230,0.0
109231,0.0
109232,0.0
109233,0.0
109234,7.73568381378
109235,0.0
109236,0.0
109237,0.327391152091
109238,0.0
109239,3.37431763976
109240,4.49983052704
109241,0.0
109242,0.0
109243,0.0
109244,0.0
109245,0.0
109246,0.0
109247,0.0
109248,0.0
109249,0.0
109250,0.0
109251,7.75459148365
109252,0.0
109253,0.0
109254,0.0
109255,0.0
109256,0.0
109257,0.0
109258,0.0
109259,0.0
109260,2.61989340136
109261,0.0
109262,0.0
109263,0.0
109264,3.33171143813
109265,0.0
109266,0.0
109267,0.0
109268,0.0
109269,0.0
109270,0.0
109271,0.0
109272,2.61989340131
109273,0.0
109274,0.0
109275,0.0
109276,0.0
109277,0.0
109278,0.0
109279,0.0
109280,0.0
109281,0.0
109282,0.0
109283,0.0
109284,0.0
109285,0.0
109286,0.0
109287,0.0
109288,0.0
109289,0.0
109290,0.0
109291,0.0
109292,0.0
109293,0.0
109294,0.0
109295,0.0
109296,0.0
109297,0.0
109298,2.61989340136
109299,0.0
109300,2.61989340136
109301,6.9869420392
109302,0.0
109303,0.0
109304,8.1438408014
109305,0.0
109306,0.920238142056
109307,0.0
109308,0.0
109309,0.0
109310,0.0
109311,0.0
109312,0.0
109313,0.0
109314,0.0
109315,0.0
109316,0.0
109317,2.61989340137
109318,0.0
109319,0.0
109320,0.998271664031
109321,0.0
109322,0.0
109323,0.0
109324,0.0
109325,0.0
109326,0.0
109327,0.0
109328,0.0
109329,0.0
109330,9.25540711116
109331,0.0
109332,0.0
109333,0.0
109334,0.0
109335,13.5294579429
109336,2.362555193
109337,0.0
109338,0.0
109339,0.0
109340,0.0
109341,0.0
109342,0.0
109343,0.0
109344,0.0
109345,0.0
109346,0.0
109347,14.2734234303
109348,0.0
109349,0.0
109350,2.61987477676
109351,2.61989340136
109352,0.0
109353,0.0
109354,0.0
109355,0.0
109356,0.0
109357,0.0
109358,2.61989340136
109359,0.0
109360,2.61989340136
109361,0.0
109362,0.0
109363,0.0
109364,2.14271681771
109365,0.0
109366,0.0
109367,0.0
109368,0.0
109369,0.0
109370,0.0
109371,0.0
109372,0.0
109373,0.0
109374,0.0
109375,0.0
109376,0.0
109377,0.0
109378,15.7566208848
109379,0.0
109380,0.0
109381,0.0
109382,0.0
109383,0.0
109384,0.0
109385,0.0
109386,7.79561662363
109387,0.0
109388,6.38384259025
109389,0.0
109390,0.0
109391,0.0
109392,0.0
109393,0.0
109394,0.0
109395,0.0
109396,4.10238814971
109397,0.0
109398,0.0
109399,0.0
109400,0.0
109401,0.0
109402,0.0
109403,0.0
109404,0.0
109405,0.0
109406,0.0
109407,0.0
109408,0.0
109409,0.0
109410,0.0
109411,0.0
109412,0.0
109413,0.0
109414,2.61989340136
109415,0.0
109416,0.0
109417,0.0
109418,0.0
109419,0.0
109420,0.0
109421,0.0
109422,0.0
109423,0.0
109424,0.0
109425,0.0
109426,0.0
109427,0.0
109428,0.0
109429,0.0
109430,2.78264038759
109431,0.0
109432,0.0
109433,0.0
109434,0.0
109435,0.0
109436,0.0
109437,0.0
109438,0.0
109439,0.0
109440,0.0
109441,0.0
109442,0.0
109443,0.0
109444,0.0
109445,0.0
109446,0.0
109447,0.0
109448,0.0
109449,2.61989340136
109450,0.0
109451,0.0
109452,0.0
109453,0.0
109454,0.0
109455,7.6742396319
109456,0.0
109457,0.0
109458,0.0
109459,2.61989340136
109460,0.0
109461,7.21096841531
109462,0.0
109463,0.0
109464,0.0
109465,3.1875148661
109466,0.0
109467,0.0
109468,2.61989340136
109469,0.0
109470,4.68324365601
109471,0.0
109472,0.0
109473,0.0
109474,0.0
109475,0.0
109476,2.61989340136
109477,0.0
109478,0.0
109479,0.0
109480,10.1989146108
109481,0.0
109482,0.0
109483,0.0
109484,0.0
109485,0.0
109486,0.0
109487,0.0
109488,0.0
109489,0.0
109490,0.0
109491,0.0
109492,0.0
109493,0.0
109494,0.0
109495,0.0
109496,0.0
109497,0.0
109498,0.0
109499,0.0
109500,7.68534442676
109501,0.0
109502,0.0
109503,0.0
109504,7.56107708728
109505,0.0
109506,0.0
109507,0.0
109508,11.2957207046
109509,0.0
109510,0.0
109511,0.0
109512,0.0
109513,0.0
109514,0.0
109515,2.61989340136
109516,4.14433565668
109517,0.0
109518,0.0
109519,0.0
109520,0.0
109521,0.0
109522,0.0
109523,0.0
109524,0.0
109525,0.0
109526,0.0
109527,0.0
109528,0.0
109529,0.0
109530,0.0
109531,0.0
109532,0.0
109533,0.0
109534,0.0
109535,0.0
109536,0.0
109537,0.0
109538,0.0
109539,0.0
109540,0.0
109541,0.0
109542,0.0
109543,0.0
109544,0.0
109545,2.61989340136
109546,0.0
109547,2.20430844971
109548,0.0
109549,0.0
109550,0.0
109551,0.0
109552,0.0
109553,0.0
109554,2.61989340136
109555,0.0
109556,0.0
109557,0.0
109558,0.0
109559,0.0
109560,0.0
109561,0.0
109562,0.0
109563,0.0
109564,0.0
109565,0.0
109566,0.0
109567,0.0
109568,2.61989340089
109569,0.0
109570,0.0
109571,0.0
109572,0.0
109573,0.0
109574,0.0
109575,2.61989340136
109576,0.0
109577,0.0
109578,0.0
109579,0.0
109580,0.0
109581,0.0
109582,0.0
109583,0.0
109584,0.0
109585,0.0
109586,0.0
109587,0.0
109588,0.0
109589,0.0
109590,8.25791244904
109591,0.0
109592,0.0
109593,2.66958639398
109594,0.0
109595,0.0
109596,0.0
109597,0.0
109598,0.0
109599,2.20717198213
109600,0.0
109601,0.0
109602,0.0
109603,0.0
109604,2.61989340136
109605,0.0
109606,6.62720665036
109607,0.0
109608,6.65005392076
109609,0.0
109610,0.0
109611,0.0
109612,0.0
109613,0.0
109614,0.0
109615,0.0
109616,0.0
109617,0.0
109618,0.0
109619,2.61989340136
109620,0.0
109621,0.0
109622,0.0
109623,0.0
109624,0.0
109625,0.0
109626,0.0
109627,8.00569672182
109628,0.0
109629,2.61989340136
109630,0.0
109631,0.0
109632,0.0
109633,0.0
109634,0.0
109635,0.0
109636,0.0
109637,0.0
109638,0.0
109639,2.61989340136
109640,0.0
109641,0.0
109642,0.0
109643,2.61989340136
109644,0.0
109645,0.0
109646,7.99524207235
109647,0.0
109648,0.0
109649,0.0
109650,0.0
109651,0.0
109652,0.0
109653,0.0
109654,0.0
109655,0.0
109656,0.0
109657,0.0
109658,0.0
109659,2.96246297653
109660,3.66605934444
109661,0.0
109662,0.0
109663,4.75822867188
109664,0.0
109665,0.0
109666,0.0
109667,0.0
109668,0.0
109669,0.0
109670,0.0
109671,0.0
109672,0.0
109673,0.0
109674,0.0
109675,0.0
109676,0.0
109677,2.61989340136
109678,0.0
109679,0.0
109680,0.0
109681,0.0
109682,0.0
109683,0.0
109684,0.0
109685,0.0
109686,0.0
109687,0.0
109688,0.0
109689,0.0
109690,0.0
109691,0.0
109692,0.0
109693,0.0
109694,0.0
109695,0.0
109696,0.0
109697,0.0
109698,0.0
109699,3.11012864702
109700,0.0
109701,0.0
109702,0.0
109703,0.0
109704,2.78817890634
109705,0.0
109706,0.0
109707,0.0
109708,0.0
109709,0.0
109710,0.0
109711,0.0
109712,0.0
109713,0.0
109714,0.0
109715,0.0
109716,0.0
109717,0.0
109718,0.0
109719,0.0
109720,0.0
109721,0.0
109722,0.0
109723,0.0
109724,0.0
109725,0.0
109726,0.0
109727,0.0
109728,1.95185943256
109729,2.61989340136
109730,0.0
109731,2.61989340136
109732,0.0
109733,2.61989340136
109734,0.0
109735,0.0
109736,0.0
109737,0.0
109738,0.0
109739,0.0
109740,0.0
109741,0.0
109742,0.0
109743,0.0
109744,0.0
109745,0.0
109746,0.0
109747,0.0
109748,2.61989340136
109749,0.0
109750,0.0
109751,0.0
109752,0.0
109753,0.0
109754,0.0
109755,0.0
109756,0.0
109757,0.0
109758,0.0
109759,0.0
109760,0.0
109761,0.0
109762,0.0
109763,0.0
109764,0.0
109765,0.0
109766,0.0
109767,0.0
109768,0.0
109769,0.0
109770,0.0
109771,0.0
109772,0.0
109773,2.61989340136
109774,7.2672447693
109775,8.58844856876
109776,0.0
109777,0.0
109778,0.0
109779,0.0
109780,0.0
109781,0.0
109782,0.0
109783,0.0
109784,0.0
109785,0.0
109786,0.0
109787,0.0
109788,0.0
109789,0.0
109790,0.0
109791,0.0
109792,0.0
109793,0.0
109794,0.0
109795,0.0
109796,0.0
109797,0.0
109798,0.0
109799,0.0
109800,0.0
109801,0.0
109802,0.0
109803,0.0
109804,0.0
109805,7.19222342675
109806,4.21835973988
109807,0.0
109808,4.63899490843
109809,0.0
109810,2.61989340136
109811,0.0
109812,0.0
109813,0.0
109814,0.0
109815,0.0
109816,0.0
109817,0.0
109818,0.0
109819,0.0
109820,0.0
109821,0.0
109822,0.0
109823,0.0
109824,0.0
109825,0.0
109826,2.61989340136
109827,0.0
109828,0.0
109829,0.0
109830,0.0
109831,0.0
109832,4.30343065141
109833,0.0
109834,0.0
109835,0.0
109836,0.0
109837,0.0
109838,0.0
109839,0.0
109840,0.0
109841,0.0
109842,0.0
109843,0.0
109844,0.0
109845,0.0
109846,0.0
109847,0.0
109848,0.0
109849,0.0
109850,6.97535492652
109851,0.0
109852,0.0
109853,0.0
109854,0.0
109855,0.0
109856,0.0
109857,0.0
109858,0.0
109859,0.0
109860,0.0
109861,0.0
109862,0.0
109863,0.0
109864,2.61989340136
109865,0.0
109866,0.0
109867,0.0
109868,0.0
109869,0.0
109870,0.0
109871,0.0
109872,5.2791871732
109873,0.0
109874,0.0
109875,0.0
109876,7.56505037133
109877,0.0
109878,0.0
109879,0.0
109880,0.0
109881,9.30646534804
109882,0.0
109883,0.0
109884,0.0
109885,0.0
109886,0.0
109887,0.0
109888,6.3388502692
109889,0.0
109890,7.63586851432
109891,0.0
109892,2.61989351103
109893,0.0
109894,0.0
109895,0.0
109896,0.0
109897,0.0
109898,0.0
109899,0.0
109900,0.0
109901,6.82420202787
109902,0.0
109903,2.61989340136
109904,0.0
109905,0.0
109906,0.0
109907,0.0
109908,7.88606426574
109909,2.61989340136
109910,0.0
109911,0.0
109912,0.0
109913,0.0
109914,2.61989340136
109915,0.0
109916,0.0
109917,0.0
109918,0.0
109919,0.0
109920,2.61989340136
109921,0.0
109922,0.0
109923,0.0
109924,0.0
109925,0.0
109926,0.0
109927,0.0
109928,0.0
109929,0.0
109930,0.0
109931,0.0
109932,0.0
109933,0.0
109934,2.61989340136
109935,0.0
109936,0.0
109937,0.0
109938,0.0
109939,0.0
109940,0.0
109941,0.0
109942,0.0
109943,0.0
109944,0.0
109945,0.0
109946,0.0
109947,0.0
109948,0.0
109949,0.0
109950,0.0
109951,0.0
109952,0.0
109953,0.0
109954,0.0
109955,0.0
109956,2.61989340189
109957,0.0
109958,0.0
109959,0.0
109960,0.0
109961,0.0
109962,0.0
109963,0.0
109964,0.0
109965,0.0
109966,0.0
109967,0.0
109968,0.0
109969,0.0
109970,0.0
109971,0.0
109972,0.0
109973,7.0765993417
109974,0.0
109975,0.0
109976,0.0
109977,0.0
109978,0.0
109979,0.0
109980,6.25008153095
109981,0.0
109982,0.0
109983,0.0
109984,0.0
109985,0.0
109986,0.0
109987,0.0
109988,0.0
109989,0.0
109990,0.0
109991,0.0
109992,0.0
109993,0.0
109994,0.0
109995,8.25451469649
109996,0.0
109997,0.0
109998,4.80449078913
109999,0.0
110000,0.0
110001,6.3500243377
110002,0.0
110003,0.0
110004,0.0
110005,4.68491871045
110006,0.0
110007,0.0
110008,0.0
110009,0.0
110010,0.0
110011,0.0
110012,0.0
110013,0.0
110014,0.0
110015,0.0
110016,0.0
110017,0.0
110018,0.0
110019,0.0
110020,0.0
110021,0.0
110022,0.0
110023,0.0
110024,0.0
110025,2.61989340136
110026,0.0
110027,0.0
110028,0.0
110029,0.0
110030,0.0
110031,0.0
110032,3.54320922574
110033,7.53467085554
110034,0.0
110035,0.0
110036,0.0
110037,0.0
110038,0.0
110039,0.0
110040,0.0
110041,0.0
110042,0.0
110043,0.0
110044,0.0
110045,0.447818326219
110046,0.0
110047,10.7541652632
110048,0.0
110049,0.0
110050,0.0
110051,0.0
110052,0.0
110053,0.0
110054,0.0
110055,0.0
110056,4.69823729433
110057,0.0
110058,0.0
110059,0.0
110060,0.0
110061,0.0
110062,0.0
110063,0.0
110064,0.0
110065,0.0
110066,0.0
110067,0.0
110068,0.0
110069,0.0
110070,0.0
110071,0.0
110072,0.0
110073,0.0
110074,0.0
110075,0.0
110076,0.0
110077,0.0
110078,0.0
110079,0.0
110080,0.0
110081,0.0
110082,0.0
110083,0.0
110084,0.0
110085,0.0
110086,0.0
110087,0.0
110088,0.0
110089,0.0
110090,0.0
110091,0.0
110092,0.0
110093,0.0
110094,0.0
110095,9.2305508146
110096,0.0
110097,0.0
110098,0.0
110099,0.0
110100,0.0
110101,8.26094877153
110102,0.0
110103,8.14631024292
110104,0.0
110105,0.0
110106,0.0
110107,0.0
110108,0.0
110109,2.61989340136
110110,0.0
110111,0.0
110112,0.0
110113,0.0
110114,6.58044928788
110115,0.0
110116,0.0
110117,0.0
110118,0.0
110119,0.767921643114
110120,0.0
110121,0.0
110122,0.0
110123,0.0
110124,0.0
110125,0.0
110126,0.0
110127,7.32628250494
110128,0.0
110129,0.0
110130,0.0
110131,0.0
110132,0.0
110133,0.0
110134,0.0
110135,0.0
110136,2.61989340136
110137,4.6059685609
110138,0.0
110139,0.0
110140,0.0
110141,0.0
110142,0.0
110143,0.0
110144,1.88618594183
110145,0.0
110146,0.0
110147,0.0
110148,0.0
110149,0.0
110150,0.0
110151,0.0
110152,0.0
110153,0.0
110154,0.0
110155,0.0
110156,0.0
110157,0.0
110158,0.0
110159,0.0
110160,5.258276068
110161,0.0
110162,0.0
110163,5.19948701311
110164,0.0
110165,0.0
110166,0.0
110167,0.0
110168,0.0
110169,9.92356686259
110170,0.0
110171,0.0
110172,2.61989340136
110173,0.0
110174,0.0
110175,0.0
110176,0.0
110177,0.0
110178,0.0
110179,0.0
110180,0.0
110181,0.0
110182,0.0
110183,0.0
110184,0.0
110185,0.0
110186,7.17810881631
110187,0.0
110188,0.0
110189,0.0
110190,0.0
110191,0.0
110192,0.0
110193,0.0
110194,0.0
110195,0.481377360771
110196,0.0
110197,0.0
110198,6.48856497382
110199,0.0
110200,0.0
110201,0.0
110202,0.0
110203,0.0
110204,0.0
110205,0.0
110206,0.0
110207,0.0
110208,0.0
110209,0.0
110210,0.0
110211,0.0
110212,0.0
110213,0.0
110214,0.0
110215,0.0
110216,0.0
110217,0.0
110218,0.0
110219,0.0
110220,0.0
110221,0.0
110222,0.0
110223,0.0
110224,0.0
110225,0.0
110226,2.61989340136
110227,8.54193365041
110228,0.0
110229,0.0
110230,6.8569442601
110231,0.0
110232,0.0
110233,0.0
110234,0.0
110235,0.0
110236,8.36539918391
110237,8.25631573396
110238,0.0
110239,0.0
110240,0.0
110241,0.0
110242,0.0
110243,0.0
110244,0.0
110245,0.0
110246,0.0
110247,0.0
110248,0.0
110249,0.0
110250,0.0
110251,0.0
110252,0.0
110253,0.0
110254,0.0
110255,0.0
110256,0.0
110257,0.0
110258,0.0
110259,0.0
110260,0.0
110261,0.0
110262,0.0
110263,0.0
110264,0.0
110265,0.0
110266,0.0
110267,0.0
110268,0.0
110269,0.0
110270,0.0
110271,0.0
110272,0.0
110273,0.0
110274,0.0
110275,0.0
110276,8.7882207773
110277,2.61989340136
110278,3.65894592009
110279,4.65407090158
110280,0.0
110281,0.0
110282,0.0
110283,0.0
110284,2.61989340136
110285,0.0
110286,7.28599332452
110287,0.0
110288,0.0
110289,0.0
110290,2.61989340136
110291,0.0
110292,0.0
110293,0.0
110294,2.61989340075
110295,0.0
110296,0.0
110297,2.61989340136
110298,0.0
110299,0.0
110300,4.71961047247
110301,0.0
110302,8.53365351873
110303,0.0
110304,0.0
110305,0.0
110306,0.0
110307,0.0
110308,0.0
110309,0.0
110310,0.0
110311,0.0
110312,2.00264484364
110313,0.0
110314,0.0
110315,0.0
110316,0.0
110317,0.0
110318,2.61989340136
110319,0.0
110320,1.12496521325
110321,0.0
110322,0.0
110323,0.0
110324,0.0
110325,0.0
110326,0.0
110327,9.9632512107
110328,0.0
110329,0.0
110330,0.0
110331,0.0
110332,0.0
110333,0.0
110334,0.0
110335,0.0
110336,0.0
110337,0.0
110338,0.0
110339,0.0
110340,0.0
110341,0.0
110342,0.0
110343,0.0
110344,0.0
110345,0.0
110346,0.0
110347,0.0
110348,0.0
110349,0.0
110350,0.0
110351,0.0
110352,2.61989340136
110353,0.0
110354,0.0
110355,0.0
110356,0.0
110357,0.0
110358,3.86063065779
110359,0.0
110360,0.0
110361,0.0
110362,0.0
110363,0.0
110364,0.0
110365,0.0
110366,0.0
110367,0.0
110368,0.0
110369,0.0
110370,0.0
110371,0.0
110372,0.0
110373,0.0
110374,0.0
110375,0.0
110376,0.0
110377,0.0
110378,0.0
110379,0.0
110380,0.0
110381,0.0
110382,2.61989340136
110383,0.0
110384,0.0
110385,0.0
110386,0.0
110387,0.0
110388,0.0
110389,0.0
110390,11.6585733714
110391,0.0
110392,0.0
110393,0.0
110394,0.0
110395,0.0
110396,7.74400308498
110397,0.0
110398,0.0
110399,0.0
110400,0.0
110401,0.0
110402,0.0
110403,0.0
110404,0.0
110405,0.0
110406,0.0
110407,0.0
110408,0.0
110409,0.0
110410,0.0
110411,0.0
110412,0.0
110413,0.0
110414,2.0533764082
110415,0.0
110416,0.0
110417,0.0
110418,0.0
110419,0.0
110420,0.0
110421,0.0
110422,0.0
110423,0.0
110424,0.0
110425,0.0
110426,0.0
110427,0.0
110428,0.0
110429,0.0
110430,0.0
110431,0.0
110432,0.0
110433,0.0
110434,0.0
110435,0.0
110436,0.0
110437,0.0
110438,0.0
110439,0.0
110440,0.0
110441,0.0
110442,0.0
110443,0.0
110444,0.0
110445,0.0
110446,0.0
110447,2.61989340136
110448,0.0
110449,0.0
110450,0.0
110451,0.0
110452,0.0
110453,0.0
110454,0.0
110455,0.0
110456,0.0
110457,0.0
110458,0.0
110459,4.29636030332
110460,0.0
110461,0.0
110462,5.19106107395
110463,0.0
110464,0.0
110465,0.0
110466,0.0
110467,7.93852347324
110468,0.0
110469,0.0
110470,0.0
